use empen;

INSERT INTO master_character VALUES (10001,1,N'카엘라',30,5,3,50,10,10001001,10,N'카엘라 설명',N'안녕. 커피라도 한잔할래?',N'캐릭터 대사1-2',N'캐릭터 대사1-3',N'10001_comment_1_motion',N'10001_comment_2_motion',N'10001_comment_3_motion','2020-01-01 00:00:00',NULL,'2020-01-01 00:00:00','2020-01-01 00:00:00');
INSERT INTO master_character VALUES (10002,2,N'슈린',30,5,3,50,10,10002001,10,N'슈린 설명',N'안녕. 커피 두잔할래?',N'캐릭터 대사2-2',N'캐릭터 대사2-3',N'10002_comment_1_motion',N'10002_comment_2_motion',N'10002_comment_3_motion','2020-01-01 00:00:00',NULL,'2020-01-01 00:00:00','2020-01-01 00:00:00');
INSERT INTO master_character VALUES (10003,3,N'리타',30,5,3,50,10,10003001,10,N'리타 설명',N'안녕. 커피 세잔할래?',N'캐릭터 대사3-2',N'캐릭터 대사3-3',N'10003_comment_1_motion',N'10003_comment_2_motion',N'10003_comment_3_motion','2020-01-01 00:00:00',NULL,'2020-01-01 00:00:00','2020-01-01 00:00:00');
INSERT INTO master_character VALUES (10004,4,N'뮤니스',30,5,3,50,10,10004001,10,N'뮤니스 설명',N'안녕. 커피 네잔할래?',N'캐릭터 대사4-2',N'캐릭터 대사4-3',N'10004_comment_1_motion',N'10004_comment_2_motion',N'10004_comment_3_motion','2020-01-01 00:00:00',NULL,'2020-01-01 00:00:00','2020-01-01 00:00:00');
INSERT INTO master_character VALUES (10005,5,N'뮤니티',30,5,3,50,10,10005001,10,N'뮤니티 설명',N'안녕. 커피 다섯잔할래?',N'캐릭터 대사5-2',N'캐릭터 대사5-3',N'10005_comment_1_motion',N'10005_comment_2_motion',N'10005_comment_3_motion','2020-01-01 00:00:00',NULL,'2020-01-01 00:00:00','2020-01-01 00:00:00');
INSERT INTO master_character VALUES (10006,6,N'비비',30,5,3,50,10,10006001,10,N'비비 설명',N'안녕. 커피 여섯잔할래?',N'캐릭터 대사6-2',N'캐릭터 대사6-3',N'10006_comment_1_motion',N'10006_comment_2_motion',N'10006_comment_3_motion','2020-01-01 00:00:00',NULL,'2020-01-01 00:00:00','2020-01-01 00:00:00');
INSERT INTO master_character VALUES (10007,7,N'델핀',30,5,3,50,10,10007001,10,N'델핀 설명',N'안녕. 커피 일곱잔할래?',N'캐릭터 대사7-2',N'캐릭터 대사7-3',N'10007_comment_1_motion',N'10007_comment_2_motion',N'10007_comment_3_motion','2020-01-01 00:00:00',NULL,'2020-01-01 00:00:00','2020-01-01 00:00:00');
INSERT INTO master_character VALUES (10008,8,N'헬리아',30,5,4,50,10,10008001,10,N'헬리아 설명',N'안녕. 커피 여덟잔할래?',N'캐릭터 대사8-2',N'캐릭터 대사8-3',N'10008_comment_1_motion',N'10008_comment_2_motion',N'10008_comment_3_motion','2020-01-01 00:00:00',NULL,'2020-01-01 00:00:00','2020-01-01 00:00:00');
-- INSERT INTO master_character VALUES (10009,9,N'캐릭터9',30,5,3,50,10,10009001,10,N'캐릭터 설명9',N'안녕. 커피 아홉잔할래?',N'캐릭터 대사9-2',N'캐릭터 대사9-3',N'10009_comment_1_motion',N'10009_comment_2_motion',N'10009_comment_3_motion','2020-01-01 00:00:00',NULL,'2020-01-01 00:00:00','2020-01-01 00:00:00');
-- INSERT INTO master_character VALUES (10010,10,N'캐릭터10',30,5,4,50,10,10010001,10,N'캐릭터 설명10',N'안녕. 커피 열잔할래?',N'캐릭터 대사10-2',N'캐릭터 대사10-3',N'10010_comment_1_motion',N'10010_comment_2_motion',N'10010_comment_3_motion','2020-01-01 00:00:00',NULL,'2020-01-01 00:00:00','2020-01-01 00:00:00');

INSERT INTO master_character_level VALUES (10001,1,11,5,1001,50,20000,20001,20002,0,0,0,'2020-01-01 00:00:00',NULL,'2020-01-01 00:00:00','2020-01-01 00:00:00');
INSERT INTO master_character_level VALUES (10002,1,12,5,1002,50,20000,20001,20002,0,0,0,'2020-01-01 00:00:00',NULL,'2020-01-01 00:00:00','2020-01-01 00:00:00');
INSERT INTO master_character_level VALUES (10003,1,13,5,1003,50,20000,20001,20002,0,0,0,'2020-01-01 00:00:00',NULL,'2020-01-01 00:00:00','2020-01-01 00:00:00');
INSERT INTO master_character_level VALUES (10004,1,14,5,1004,50,20000,20001,20002,0,0,0,'2020-01-01 00:00:00',NULL,'2020-01-01 00:00:00','2020-01-01 00:00:00');
INSERT INTO master_character_level VALUES (10005,1,15,5,1005,50,20000,20001,20002,0,0,0,'2020-01-01 00:00:00',NULL,'2020-01-01 00:00:00','2020-01-01 00:00:00');
INSERT INTO master_character_level VALUES (10006,1,16,5,1006,50,20000,20001,20002,0,0,0,'2020-01-01 00:00:00',NULL,'2020-01-01 00:00:00','2020-01-01 00:00:00');
INSERT INTO master_character_level VALUES (10007,1,17,5,1007,50,20000,20001,20002,0,0,0,'2020-01-01 00:00:00',NULL,'2020-01-01 00:00:00','2020-01-01 00:00:00');
INSERT INTO master_character_level VALUES (10008,1,18,5,1008,50,20000,20001,20002,0,0,0,'2020-01-01 00:00:00',NULL,'2020-01-01 00:00:00','2020-01-01 00:00:00');
INSERT INTO master_character_level VALUES (10009,1,19,5,1009,50,20000,20001,20002,0,0,0,'2020-01-01 00:00:00',NULL,'2020-01-01 00:00:00','2020-01-01 00:00:00');
INSERT INTO master_character_level VALUES (10010,1,20,5,1010,50,20000,20001,20002,0,0,0,'2020-01-01 00:00:00',NULL,'2020-01-01 00:00:00','2020-01-01 00:00:00');
INSERT INTO master_character_level VALUES (10001,2,21,7,1201,55,20000,20001,20002,3,3,4,'2020-01-01 00:00:00',NULL,'2020-01-01 00:00:00','2020-01-01 00:00:00');
INSERT INTO master_character_level VALUES (10002,2,22,7,1202,55,20000,20001,20002,3,3,4,'2020-01-01 00:00:00',NULL,'2020-01-01 00:00:00','2020-01-01 00:00:00');
INSERT INTO master_character_level VALUES (10003,2,23,7,1203,55,20000,20001,20002,3,3,4,'2020-01-01 00:00:00',NULL,'2020-01-01 00:00:00','2020-01-01 00:00:00');
INSERT INTO master_character_level VALUES (10004,2,24,7,1204,55,20000,20001,20002,3,3,4,'2020-01-01 00:00:00',NULL,'2020-01-01 00:00:00','2020-01-01 00:00:00');
INSERT INTO master_character_level VALUES (10005,2,25,7,1205,55,20000,20001,20002,3,3,4,'2020-01-01 00:00:00',NULL,'2020-01-01 00:00:00','2020-01-01 00:00:00');
INSERT INTO master_character_level VALUES (10006,2,26,7,1206,55,20000,20001,20002,3,3,4,'2020-01-01 00:00:00',NULL,'2020-01-01 00:00:00','2020-01-01 00:00:00');
INSERT INTO master_character_level VALUES (10007,2,27,7,1207,55,20000,20001,20002,3,3,4,'2020-01-01 00:00:00',NULL,'2020-01-01 00:00:00','2020-01-01 00:00:00');
INSERT INTO master_character_level VALUES (10008,2,28,7,1208,55,20000,20001,20002,3,3,4,'2020-01-01 00:00:00',NULL,'2020-01-01 00:00:00','2020-01-01 00:00:00');
INSERT INTO master_character_level VALUES (10009,2,29,7,1209,55,20000,20001,20002,3,3,4,'2020-01-01 00:00:00',NULL,'2020-01-01 00:00:00','2020-01-01 00:00:00');
INSERT INTO master_character_level VALUES (10010,2,30,7,1210,55,20000,20001,20002,3,3,4,'2020-01-01 00:00:00',NULL,'2020-01-01 00:00:00','2020-01-01 00:00:00');
INSERT INTO master_character_level VALUES (10001,3,31,9,1400,60,20000,20001,20002,6,6,7,'2020-01-01 00:00:00',NULL,'2020-01-01 00:00:00','2020-01-01 00:00:00');
INSERT INTO master_character_level VALUES (10002,3,32,9,1400,60,20000,20001,20002,6,6,7,'2020-01-01 00:00:00',NULL,'2020-01-01 00:00:00','2020-01-01 00:00:00');
INSERT INTO master_character_level VALUES (10003,3,33,9,1400,60,20000,20001,20002,6,6,7,'2020-01-01 00:00:00',NULL,'2020-01-01 00:00:00','2020-01-01 00:00:00');
INSERT INTO master_character_level VALUES (10004,3,34,9,1400,60,20000,20001,20002,6,6,7,'2020-01-01 00:00:00',NULL,'2020-01-01 00:00:00','2020-01-01 00:00:00');
INSERT INTO master_character_level VALUES (10005,3,35,9,1400,60,20000,20001,20002,6,6,7,'2020-01-01 00:00:00',NULL,'2020-01-01 00:00:00','2020-01-01 00:00:00');
INSERT INTO master_character_level VALUES (10006,3,36,9,1400,60,20000,20001,20002,6,6,7,'2020-01-01 00:00:00',NULL,'2020-01-01 00:00:00','2020-01-01 00:00:00');
INSERT INTO master_character_level VALUES (10007,3,37,9,1400,60,20000,20001,20002,6,6,7,'2020-01-01 00:00:00',NULL,'2020-01-01 00:00:00','2020-01-01 00:00:00');
INSERT INTO master_character_level VALUES (10008,3,38,9,1400,60,20000,20001,20002,6,6,7,'2020-01-01 00:00:00',NULL,'2020-01-01 00:00:00','2020-01-01 00:00:00');
INSERT INTO master_character_level VALUES (10009,3,39,9,1400,60,20000,20001,20002,6,6,7,'2020-01-01 00:00:00',NULL,'2020-01-01 00:00:00','2020-01-01 00:00:00');
INSERT INTO master_character_level VALUES (10010,3,40,9,1400,60,20000,20001,20002,6,6,7,'2020-01-01 00:00:00',NULL,'2020-01-01 00:00:00','2020-01-01 00:00:00');
INSERT INTO master_character_level VALUES (10001,4,40,11,1600,65,20000,20001,20002,9,9,10,'2020-01-01 00:00:00',NULL,'2020-01-01 00:00:00','2020-01-01 00:00:00');
INSERT INTO master_character_level VALUES (10002,4,40,11,1600,65,20000,20001,20002,9,9,10,'2020-01-01 00:00:00',NULL,'2020-01-01 00:00:00','2020-01-01 00:00:00');
INSERT INTO master_character_level VALUES (10003,4,40,11,1600,65,20000,20001,20002,9,9,10,'2020-01-01 00:00:00',NULL,'2020-01-01 00:00:00','2020-01-01 00:00:00');
INSERT INTO master_character_level VALUES (10004,4,40,11,1600,65,20000,20001,20002,9,9,10,'2020-01-01 00:00:00',NULL,'2020-01-01 00:00:00','2020-01-01 00:00:00');
INSERT INTO master_character_level VALUES (10005,4,40,11,1600,65,20000,20001,20002,9,9,10,'2020-01-01 00:00:00',NULL,'2020-01-01 00:00:00','2020-01-01 00:00:00');
INSERT INTO master_character_level VALUES (10006,4,40,11,1600,65,20000,20001,20002,9,9,10,'2020-01-01 00:00:00',NULL,'2020-01-01 00:00:00','2020-01-01 00:00:00');
INSERT INTO master_character_level VALUES (10007,4,40,11,1600,65,20000,20001,20002,9,9,10,'2020-01-01 00:00:00',NULL,'2020-01-01 00:00:00','2020-01-01 00:00:00');
INSERT INTO master_character_level VALUES (10008,4,40,11,1600,65,20000,20001,20002,9,9,10,'2020-01-01 00:00:00',NULL,'2020-01-01 00:00:00','2020-01-01 00:00:00');
INSERT INTO master_character_level VALUES (10009,4,40,11,1600,65,20000,20001,20002,9,9,10,'2020-01-01 00:00:00',NULL,'2020-01-01 00:00:00','2020-01-01 00:00:00');
INSERT INTO master_character_level VALUES (10010,4,40,11,1600,65,20000,20001,20002,9,9,10,'2020-01-01 00:00:00',NULL,'2020-01-01 00:00:00','2020-01-01 00:00:00');
INSERT INTO master_character_level VALUES (10001,5,50,13,1800,70,20000,20001,20002,12,12,13,'2020-01-01 00:00:00',NULL,'2020-01-01 00:00:00','2020-01-01 00:00:00');
INSERT INTO master_character_level VALUES (10002,5,50,13,1800,70,20000,20001,20002,12,12,13,'2020-01-01 00:00:00',NULL,'2020-01-01 00:00:00','2020-01-01 00:00:00');
INSERT INTO master_character_level VALUES (10003,5,50,13,1800,70,20000,20001,20002,12,12,13,'2020-01-01 00:00:00',NULL,'2020-01-01 00:00:00','2020-01-01 00:00:00');
INSERT INTO master_character_level VALUES (10004,5,50,13,1800,70,20000,20001,20002,12,12,13,'2020-01-01 00:00:00',NULL,'2020-01-01 00:00:00','2020-01-01 00:00:00');
INSERT INTO master_character_level VALUES (10005,5,50,13,1800,70,20000,20001,20002,12,12,13,'2020-01-01 00:00:00',NULL,'2020-01-01 00:00:00','2020-01-01 00:00:00');
INSERT INTO master_character_level VALUES (10006,5,50,13,1800,70,20000,20001,20002,12,12,13,'2020-01-01 00:00:00',NULL,'2020-01-01 00:00:00','2020-01-01 00:00:00');
INSERT INTO master_character_level VALUES (10007,5,50,13,1800,70,20000,20001,20002,12,12,13,'2020-01-01 00:00:00',NULL,'2020-01-01 00:00:00','2020-01-01 00:00:00');
INSERT INTO master_character_level VALUES (10008,5,50,13,1800,70,20000,20001,20002,12,12,13,'2020-01-01 00:00:00',NULL,'2020-01-01 00:00:00','2020-01-01 00:00:00');
INSERT INTO master_character_level VALUES (10009,5,50,13,1800,70,20000,20001,20002,12,12,13,'2020-01-01 00:00:00',NULL,'2020-01-01 00:00:00','2020-01-01 00:00:00');
INSERT INTO master_character_level VALUES (10010,5,50,13,1800,70,20000,20001,20002,12,12,13,'2020-01-01 00:00:00',NULL,'2020-01-01 00:00:00','2020-01-01 00:00:00');

INSERT INTO master_character_grade VALUES (10001,3,50,10,0,0,'2020-01-01 00:00:00',NULL,'2020-01-01 00:00:00','2020-01-01 00:00:00');
INSERT INTO master_character_grade VALUES (10002,3,50,10,0,0,'2020-01-01 00:00:00',NULL,'2020-01-01 00:00:00','2020-01-01 00:00:00');
INSERT INTO master_character_grade VALUES (10003,3,50,10,0,0,'2020-01-01 00:00:00',NULL,'2020-01-01 00:00:00','2020-01-01 00:00:00');
INSERT INTO master_character_grade VALUES (10004,3,50,10,0,0,'2020-01-01 00:00:00',NULL,'2020-01-01 00:00:00','2020-01-01 00:00:00');
INSERT INTO master_character_grade VALUES (10005,3,50,10,0,0,'2020-01-01 00:00:00',NULL,'2020-01-01 00:00:00','2020-01-01 00:00:00');
INSERT INTO master_character_grade VALUES (10006,3,50,10,0,0,'2020-01-01 00:00:00',NULL,'2020-01-01 00:00:00','2020-01-01 00:00:00');
INSERT INTO master_character_grade VALUES (10007,3,50,10,0,0,'2020-01-01 00:00:00',NULL,'2020-01-01 00:00:00','2020-01-01 00:00:00');
INSERT INTO master_character_grade VALUES (10008,3,50,10,0,0,'2020-01-01 00:00:00',NULL,'2020-01-01 00:00:00','2020-01-01 00:00:00');
INSERT INTO master_character_grade VALUES (10009,3,50,10,0,0,'2020-01-01 00:00:00',NULL,'2020-01-01 00:00:00','2020-01-01 00:00:00');
INSERT INTO master_character_grade VALUES (10010,3,50,10,0,0,'2020-01-01 00:00:00',NULL,'2020-01-01 00:00:00','2020-01-01 00:00:00');
INSERT INTO master_character_grade VALUES (10001,4,60,20,200,5000,'2020-01-01 00:00:00',NULL,'2020-01-01 00:00:00','2020-01-01 00:00:00');
INSERT INTO master_character_grade VALUES (10002,4,60,20,200,5000,'2020-01-01 00:00:00',NULL,'2020-01-01 00:00:00','2020-01-01 00:00:00');
INSERT INTO master_character_grade VALUES (10003,4,60,20,200,5000,'2020-01-01 00:00:00',NULL,'2020-01-01 00:00:00','2020-01-01 00:00:00');
INSERT INTO master_character_grade VALUES (10004,4,60,20,200,5000,'2020-01-01 00:00:00',NULL,'2020-01-01 00:00:00','2020-01-01 00:00:00');
INSERT INTO master_character_grade VALUES (10005,4,60,20,200,5000,'2020-01-01 00:00:00',NULL,'2020-01-01 00:00:00','2020-01-01 00:00:00');
INSERT INTO master_character_grade VALUES (10006,4,60,20,200,5000,'2020-01-01 00:00:00',NULL,'2020-01-01 00:00:00','2020-01-01 00:00:00');
INSERT INTO master_character_grade VALUES (10007,4,60,20,200,5000,'2020-01-01 00:00:00',NULL,'2020-01-01 00:00:00','2020-01-01 00:00:00');
INSERT INTO master_character_grade VALUES (10008,4,60,20,200,5000,'2020-01-01 00:00:00',NULL,'2020-01-01 00:00:00','2020-01-01 00:00:00');
INSERT INTO master_character_grade VALUES (10009,4,60,20,200,5000,'2020-01-01 00:00:00',NULL,'2020-01-01 00:00:00','2020-01-01 00:00:00');
INSERT INTO master_character_grade VALUES (10010,4,60,20,200,5000,'2020-01-01 00:00:00',NULL,'2020-01-01 00:00:00','2020-01-01 00:00:00');
INSERT INTO master_character_grade VALUES (10001,5,70,30,250,10000,'2020-01-01 00:00:00',NULL,'2020-01-01 00:00:00','2020-01-01 00:00:00');
INSERT INTO master_character_grade VALUES (10002,5,70,30,250,10000,'2020-01-01 00:00:00',NULL,'2020-01-01 00:00:00','2020-01-01 00:00:00');
INSERT INTO master_character_grade VALUES (10003,5,70,30,250,10000,'2020-01-01 00:00:00',NULL,'2020-01-01 00:00:00','2020-01-01 00:00:00');
INSERT INTO master_character_grade VALUES (10004,5,70,30,250,10000,'2020-01-01 00:00:00',NULL,'2020-01-01 00:00:00','2020-01-01 00:00:00');
INSERT INTO master_character_grade VALUES (10005,5,70,30,250,10000,'2020-01-01 00:00:00',NULL,'2020-01-01 00:00:00','2020-01-01 00:00:00');
INSERT INTO master_character_grade VALUES (10006,5,70,30,250,10000,'2020-01-01 00:00:00',NULL,'2020-01-01 00:00:00','2020-01-01 00:00:00');
INSERT INTO master_character_grade VALUES (10007,5,70,30,250,10000,'2020-01-01 00:00:00',NULL,'2020-01-01 00:00:00','2020-01-01 00:00:00');
INSERT INTO master_character_grade VALUES (10008,5,70,30,250,10000,'2020-01-01 00:00:00',NULL,'2020-01-01 00:00:00','2020-01-01 00:00:00');
INSERT INTO master_character_grade VALUES (10009,5,70,30,250,10000,'2020-01-01 00:00:00',NULL,'2020-01-01 00:00:00','2020-01-01 00:00:00');
INSERT INTO master_character_grade VALUES (10010,5,70,30,250,10000,'2020-01-01 00:00:00',NULL,'2020-01-01 00:00:00','2020-01-01 00:00:00');

INSERT INTO master_gacha_lot_group VALUES(1000,1,N'스타트 1회 뽑기',N'스타트 1회 뽑기 설명',(CONVERT(datetime2(7), '2020-01-01 00:00:00')),NULL,(CONVERT(datetime2(7), '2020-01-01 00:00:00')),(CONVERT(datetime2(7), '2020-01-01 00:00:00')));
INSERT INTO master_gacha_lot_group VALUES(3000,2,N'A 1회 뽑기',N'A 1회 뽑기 설명',(CONVERT(datetime2(7), '2020-01-01 00:00:00')),NULL,(CONVERT(datetime2(7), '2020-01-01 00:00:00')),(CONVERT(datetime2(7), '2020-01-01 00:00:00')));
INSERT INTO master_gacha_lot_group VALUES(3001,3,N'B 1회 뽑기',N'B 1회 뽑기 설명',(CONVERT(datetime2(7), '2020-01-01 00:00:00')),NULL,(CONVERT(datetime2(7), '2020-01-01 00:00:00')),(CONVERT(datetime2(7), '2020-01-01 00:00:00')));
INSERT INTO master_gacha_lot_group VALUES(3002,4,N'C 1회 뽑기',N'C 1회 뽑기 설명',(CONVERT(datetime2(7), '2020-01-01 00:00:00')),NULL,(CONVERT(datetime2(7), '2020-01-01 00:00:00')),(CONVERT(datetime2(7), '2020-01-01 00:00:00')));
INSERT INTO master_gacha_lot_group VALUES(100001,1,N'스타트 10회 중 1회',N'스타트 10회 중 1회 설명',(CONVERT(datetime2(7), '2020-01-01 00:00:00')),NULL,(CONVERT(datetime2(7), '2020-01-01 00:00:00')),(CONVERT(datetime2(7), '2020-01-01 00:00:00')));
INSERT INTO master_gacha_lot_group VALUES(300001,2,N'A 10회 중 1회',N'A 10회 중 1회 설명',(CONVERT(datetime2(7), '2020-01-01 00:00:00')),NULL,(CONVERT(datetime2(7), '2020-01-01 00:00:00')),(CONVERT(datetime2(7), '2020-01-01 00:00:00')));
INSERT INTO master_gacha_lot_group VALUES(300101,3,N'B 10회 중 1회',N'B 10회 중 1회 설명',(CONVERT(datetime2(7), '2020-01-01 00:00:00')),NULL,(CONVERT(datetime2(7), '2020-01-01 00:00:00')),(CONVERT(datetime2(7), '2020-01-01 00:00:00')));
INSERT INTO master_gacha_lot_group VALUES(300201,4,N'C 10회 중 1회',N'C 10회 중 1회 설명',(CONVERT(datetime2(7), '2020-01-01 00:00:00')),NULL,(CONVERT(datetime2(7), '2020-01-01 00:00:00')),(CONVERT(datetime2(7), '2020-01-01 00:00:00')));
INSERT INTO master_gacha_lot_group VALUES(100009,1,N'스타트 10회 중 9회',N'스타트 10회 중 9회 설명',(CONVERT(datetime2(7), '2020-01-01 00:00:00')),NULL,(CONVERT(datetime2(7), '2020-01-01 00:00:00')),(CONVERT(datetime2(7), '2020-01-01 00:00:00')));
INSERT INTO master_gacha_lot_group VALUES(300009,2,N'A 10회 중 9회',N'A 10회 중 9회 설명',(CONVERT(datetime2(7), '2020-01-01 00:00:00')),NULL,(CONVERT(datetime2(7), '2020-01-01 00:00:00')),(CONVERT(datetime2(7), '2020-01-01 00:00:00')));
INSERT INTO master_gacha_lot_group VALUES(300109,3,N'B 10회 중 9회',N'B 10회 중 9회 설명',(CONVERT(datetime2(7), '2020-01-01 00:00:00')),NULL,(CONVERT(datetime2(7), '2020-01-01 00:00:00')),(CONVERT(datetime2(7), '2020-01-01 00:00:00')));
INSERT INTO master_gacha_lot_group VALUES(300209,4,N'C 10회 중 9회',N'C 10회 중 9회 설명',(CONVERT(datetime2(7), '2020-01-01 00:00:00')),NULL,(CONVERT(datetime2(7), '2020-01-01 00:00:00')),(CONVERT(datetime2(7), '2020-01-01 00:00:00')));

INSERT INTO master_gacha_lot VALUES(10000,1000,10001,1,0,25000,(CONVERT(datetime2(7), '2020-01-01 00:00:00')),NULL,(CONVERT(datetime2(7), '2020-01-01 00:00:00')),(CONVERT(datetime2(7), '2020-01-01 00:00:00')));
INSERT INTO master_gacha_lot VALUES(10001,1000,10002,1,0,25000,(CONVERT(datetime2(7), '2020-01-01 00:00:00')),NULL,(CONVERT(datetime2(7), '2020-01-01 00:00:00')),(CONVERT(datetime2(7), '2020-01-01 00:00:00')));
INSERT INTO master_gacha_lot VALUES(10002,1000,10003,1,0,25000,(CONVERT(datetime2(7), '2020-01-01 00:00:00')),NULL,(CONVERT(datetime2(7), '2020-01-01 00:00:00')),(CONVERT(datetime2(7), '2020-01-01 00:00:00')));
INSERT INTO master_gacha_lot VALUES(10003,1000,10004,1,0,25000,(CONVERT(datetime2(7), '2020-01-01 00:00:00')),NULL,(CONVERT(datetime2(7), '2020-01-01 00:00:00')),(CONVERT(datetime2(7), '2020-01-01 00:00:00')));
INSERT INTO master_gacha_lot VALUES(10004,3000,10001,1,0,30000,(CONVERT(datetime2(7), '2020-01-01 00:00:00')),NULL,(CONVERT(datetime2(7), '2020-01-01 00:00:00')),(CONVERT(datetime2(7), '2020-01-01 00:00:00')));
INSERT INTO master_gacha_lot VALUES(10005,3000,10002,1,0,10000,(CONVERT(datetime2(7), '2020-01-01 00:00:00')),NULL,(CONVERT(datetime2(7), '2020-01-01 00:00:00')),(CONVERT(datetime2(7), '2020-01-01 00:00:00')));
INSERT INTO master_gacha_lot VALUES(10006,3000,10003,1,0,10000,(CONVERT(datetime2(7), '2020-01-01 00:00:00')),NULL,(CONVERT(datetime2(7), '2020-01-01 00:00:00')),(CONVERT(datetime2(7), '2020-01-01 00:00:00')));
INSERT INTO master_gacha_lot VALUES(10007,3000,10004,1,0,10000,(CONVERT(datetime2(7), '2020-01-01 00:00:00')),NULL,(CONVERT(datetime2(7), '2020-01-01 00:00:00')),(CONVERT(datetime2(7), '2020-01-01 00:00:00')));
INSERT INTO master_gacha_lot VALUES(10008,3000,10005,1,0,10000,(CONVERT(datetime2(7), '2020-01-01 00:00:00')),NULL,(CONVERT(datetime2(7), '2020-01-01 00:00:00')),(CONVERT(datetime2(7), '2020-01-01 00:00:00')));
INSERT INTO master_gacha_lot VALUES(10009,3000,10006,1,0,10000,(CONVERT(datetime2(7), '2020-01-01 00:00:00')),NULL,(CONVERT(datetime2(7), '2020-01-01 00:00:00')),(CONVERT(datetime2(7), '2020-01-01 00:00:00')));
INSERT INTO master_gacha_lot VALUES(10010,3000,10007,1,0,10000,(CONVERT(datetime2(7), '2020-01-01 00:00:00')),NULL,(CONVERT(datetime2(7), '2020-01-01 00:00:00')),(CONVERT(datetime2(7), '2020-01-01 00:00:00')));
INSERT INTO master_gacha_lot VALUES(10011,3000,10008,1,0,10000,(CONVERT(datetime2(7), '2020-01-01 00:00:00')),NULL,(CONVERT(datetime2(7), '2020-01-01 00:00:00')),(CONVERT(datetime2(7), '2020-01-01 00:00:00')));
INSERT INTO master_gacha_lot VALUES(10012,3001,10001,1,0,10000,(CONVERT(datetime2(7), '2020-01-01 00:00:00')),NULL,(CONVERT(datetime2(7), '2020-01-01 00:00:00')),(CONVERT(datetime2(7), '2020-01-01 00:00:00')));
INSERT INTO master_gacha_lot VALUES(10013,3001,10002,1,0,10000,(CONVERT(datetime2(7), '2020-01-01 00:00:00')),NULL,(CONVERT(datetime2(7), '2020-01-01 00:00:00')),(CONVERT(datetime2(7), '2020-01-01 00:00:00')));
INSERT INTO master_gacha_lot VALUES(10014,3001,10003,1,0,10000,(CONVERT(datetime2(7), '2020-01-01 00:00:00')),NULL,(CONVERT(datetime2(7), '2020-01-01 00:00:00')),(CONVERT(datetime2(7), '2020-01-01 00:00:00')));
INSERT INTO master_gacha_lot VALUES(10015,3001,10004,1,0,30000,(CONVERT(datetime2(7), '2020-01-01 00:00:00')),NULL,(CONVERT(datetime2(7), '2020-01-01 00:00:00')),(CONVERT(datetime2(7), '2020-01-01 00:00:00')));
INSERT INTO master_gacha_lot VALUES(10016,3001,10005,1,0,10000,(CONVERT(datetime2(7), '2020-01-01 00:00:00')),NULL,(CONVERT(datetime2(7), '2020-01-01 00:00:00')),(CONVERT(datetime2(7), '2020-01-01 00:00:00')));
INSERT INTO master_gacha_lot VALUES(10017,3001,10006,1,0,10000,(CONVERT(datetime2(7), '2020-01-01 00:00:00')),NULL,(CONVERT(datetime2(7), '2020-01-01 00:00:00')),(CONVERT(datetime2(7), '2020-01-01 00:00:00')));
INSERT INTO master_gacha_lot VALUES(10018,3001,10007,1,0,10000,(CONVERT(datetime2(7), '2020-01-01 00:00:00')),NULL,(CONVERT(datetime2(7), '2020-01-01 00:00:00')),(CONVERT(datetime2(7), '2020-01-01 00:00:00')));
INSERT INTO master_gacha_lot VALUES(10019,3001,10008,1,0,10000,(CONVERT(datetime2(7), '2020-01-01 00:00:00')),NULL,(CONVERT(datetime2(7), '2020-01-01 00:00:00')),(CONVERT(datetime2(7), '2020-01-01 00:00:00')));
INSERT INTO master_gacha_lot VALUES(10020,3002,10009,1,0,25000,(CONVERT(datetime2(7), '2020-01-01 00:00:00')),NULL,(CONVERT(datetime2(7), '2020-01-01 00:00:00')),(CONVERT(datetime2(7), '2020-01-01 00:00:00')));
INSERT INTO master_gacha_lot VALUES(10021,3002,10010,1,0,25000,(CONVERT(datetime2(7), '2020-01-01 00:00:00')),NULL,(CONVERT(datetime2(7), '2020-01-01 00:00:00')),(CONVERT(datetime2(7), '2020-01-01 00:00:00')));
INSERT INTO master_gacha_lot VALUES(10022,3002,10005,1,0,25000,(CONVERT(datetime2(7), '2020-01-01 00:00:00')),NULL,(CONVERT(datetime2(7), '2020-01-01 00:00:00')),(CONVERT(datetime2(7), '2020-01-01 00:00:00')));
INSERT INTO master_gacha_lot VALUES(10023,3002,10006,1,0,25000,(CONVERT(datetime2(7), '2020-01-01 00:00:00')),NULL,(CONVERT(datetime2(7), '2020-01-01 00:00:00')),(CONVERT(datetime2(7), '2020-01-01 00:00:00')));
INSERT INTO master_gacha_lot VALUES(10024,100001,10007,1,0,25000,(CONVERT(datetime2(7), '2020-01-01 00:00:00')),NULL,(CONVERT(datetime2(7), '2020-01-01 00:00:00')),(CONVERT(datetime2(7), '2020-01-01 00:00:00')));
INSERT INTO master_gacha_lot VALUES(10025,100001,10008,1,0,25000,(CONVERT(datetime2(7), '2020-01-01 00:00:00')),NULL,(CONVERT(datetime2(7), '2020-01-01 00:00:00')),(CONVERT(datetime2(7), '2020-01-01 00:00:00')));
INSERT INTO master_gacha_lot VALUES(10026,100001,10009,1,0,25000,(CONVERT(datetime2(7), '2020-01-01 00:00:00')),NULL,(CONVERT(datetime2(7), '2020-01-01 00:00:00')),(CONVERT(datetime2(7), '2020-01-01 00:00:00')));
INSERT INTO master_gacha_lot VALUES(10027,100001,10010,1,0,25000,(CONVERT(datetime2(7), '2020-01-01 00:00:00')),NULL,(CONVERT(datetime2(7), '2020-01-01 00:00:00')),(CONVERT(datetime2(7), '2020-01-01 00:00:00')));
INSERT INTO master_gacha_lot VALUES(10028,300001,10001,1,0,25000,(CONVERT(datetime2(7), '2020-01-01 00:00:00')),NULL,(CONVERT(datetime2(7), '2020-01-01 00:00:00')),(CONVERT(datetime2(7), '2020-01-01 00:00:00')));
INSERT INTO master_gacha_lot VALUES(10029,300001,10002,1,0,25000,(CONVERT(datetime2(7), '2020-01-01 00:00:00')),NULL,(CONVERT(datetime2(7), '2020-01-01 00:00:00')),(CONVERT(datetime2(7), '2020-01-01 00:00:00')));
INSERT INTO master_gacha_lot VALUES(10030,300001,10003,1,0,25000,(CONVERT(datetime2(7), '2020-01-01 00:00:00')),NULL,(CONVERT(datetime2(7), '2020-01-01 00:00:00')),(CONVERT(datetime2(7), '2020-01-01 00:00:00')));
INSERT INTO master_gacha_lot VALUES(10031,300001,10004,1,0,25000,(CONVERT(datetime2(7), '2020-01-01 00:00:00')),NULL,(CONVERT(datetime2(7), '2020-01-01 00:00:00')),(CONVERT(datetime2(7), '2020-01-01 00:00:00')));
INSERT INTO master_gacha_lot VALUES(10032,300101,10005,1,0,25000,(CONVERT(datetime2(7), '2020-01-01 00:00:00')),NULL,(CONVERT(datetime2(7), '2020-01-01 00:00:00')),(CONVERT(datetime2(7), '2020-01-01 00:00:00')));
INSERT INTO master_gacha_lot VALUES(10033,300101,10006,1,0,25000,(CONVERT(datetime2(7), '2020-01-01 00:00:00')),NULL,(CONVERT(datetime2(7), '2020-01-01 00:00:00')),(CONVERT(datetime2(7), '2020-01-01 00:00:00')));
INSERT INTO master_gacha_lot VALUES(10034,300101,10007,1,0,25000,(CONVERT(datetime2(7), '2020-01-01 00:00:00')),NULL,(CONVERT(datetime2(7), '2020-01-01 00:00:00')),(CONVERT(datetime2(7), '2020-01-01 00:00:00')));
INSERT INTO master_gacha_lot VALUES(10035,300101,10008,1,0,25000,(CONVERT(datetime2(7), '2020-01-01 00:00:00')),NULL,(CONVERT(datetime2(7), '2020-01-01 00:00:00')),(CONVERT(datetime2(7), '2020-01-01 00:00:00')));
INSERT INTO master_gacha_lot VALUES(10036,300201,10009,1,0,25000,(CONVERT(datetime2(7), '2020-01-01 00:00:00')),NULL,(CONVERT(datetime2(7), '2020-01-01 00:00:00')),(CONVERT(datetime2(7), '2020-01-01 00:00:00')));
INSERT INTO master_gacha_lot VALUES(10037,300201,10010,1,0,25000,(CONVERT(datetime2(7), '2020-01-01 00:00:00')),NULL,(CONVERT(datetime2(7), '2020-01-01 00:00:00')),(CONVERT(datetime2(7), '2020-01-01 00:00:00')));
INSERT INTO master_gacha_lot VALUES(10038,300201,10001,1,0,25000,(CONVERT(datetime2(7), '2020-01-01 00:00:00')),NULL,(CONVERT(datetime2(7), '2020-01-01 00:00:00')),(CONVERT(datetime2(7), '2020-01-01 00:00:00')));
INSERT INTO master_gacha_lot VALUES(10039,300201,10002,1,0,25000,(CONVERT(datetime2(7), '2020-01-01 00:00:00')),NULL,(CONVERT(datetime2(7), '2020-01-01 00:00:00')),(CONVERT(datetime2(7), '2020-01-01 00:00:00')));
INSERT INTO master_gacha_lot VALUES(10040,100009,10003,1,0,25000,(CONVERT(datetime2(7), '2020-01-01 00:00:00')),NULL,(CONVERT(datetime2(7), '2020-01-01 00:00:00')),(CONVERT(datetime2(7), '2020-01-01 00:00:00')));
INSERT INTO master_gacha_lot VALUES(10041,100009,10004,1,0,25000,(CONVERT(datetime2(7), '2020-01-01 00:00:00')),NULL,(CONVERT(datetime2(7), '2020-01-01 00:00:00')),(CONVERT(datetime2(7), '2020-01-01 00:00:00')));
INSERT INTO master_gacha_lot VALUES(10042,100009,10005,1,0,25000,(CONVERT(datetime2(7), '2020-01-01 00:00:00')),NULL,(CONVERT(datetime2(7), '2020-01-01 00:00:00')),(CONVERT(datetime2(7), '2020-01-01 00:00:00')));
INSERT INTO master_gacha_lot VALUES(10043,100009,10006,1,0,25000,(CONVERT(datetime2(7), '2020-01-01 00:00:00')),NULL,(CONVERT(datetime2(7), '2020-01-01 00:00:00')),(CONVERT(datetime2(7), '2020-01-01 00:00:00')));
INSERT INTO master_gacha_lot VALUES(10044,300009,10007,1,0,25000,(CONVERT(datetime2(7), '2020-01-01 00:00:00')),NULL,(CONVERT(datetime2(7), '2020-01-01 00:00:00')),(CONVERT(datetime2(7), '2020-01-01 00:00:00')));
INSERT INTO master_gacha_lot VALUES(10045,300009,10008,1,0,25000,(CONVERT(datetime2(7), '2020-01-01 00:00:00')),NULL,(CONVERT(datetime2(7), '2020-01-01 00:00:00')),(CONVERT(datetime2(7), '2020-01-01 00:00:00')));
INSERT INTO master_gacha_lot VALUES(10046,300009,10009,1,0,25000,(CONVERT(datetime2(7), '2020-01-01 00:00:00')),NULL,(CONVERT(datetime2(7), '2020-01-01 00:00:00')),(CONVERT(datetime2(7), '2020-01-01 00:00:00')));
INSERT INTO master_gacha_lot VALUES(10047,300009,10010,1,0,25000,(CONVERT(datetime2(7), '2020-01-01 00:00:00')),NULL,(CONVERT(datetime2(7), '2020-01-01 00:00:00')),(CONVERT(datetime2(7), '2020-01-01 00:00:00')));
INSERT INTO master_gacha_lot VALUES(10048,300109,10001,1,0,25000,(CONVERT(datetime2(7), '2020-01-01 00:00:00')),NULL,(CONVERT(datetime2(7), '2020-01-01 00:00:00')),(CONVERT(datetime2(7), '2020-01-01 00:00:00')));
INSERT INTO master_gacha_lot VALUES(10049,300109,10002,1,0,25000,(CONVERT(datetime2(7), '2020-01-01 00:00:00')),NULL,(CONVERT(datetime2(7), '2020-01-01 00:00:00')),(CONVERT(datetime2(7), '2020-01-01 00:00:00')));
INSERT INTO master_gacha_lot VALUES(10050,300109,10003,1,0,25000,(CONVERT(datetime2(7), '2020-01-01 00:00:00')),NULL,(CONVERT(datetime2(7), '2020-01-01 00:00:00')),(CONVERT(datetime2(7), '2020-01-01 00:00:00')));
INSERT INTO master_gacha_lot VALUES(10051,300109,10004,1,0,25000,(CONVERT(datetime2(7), '2020-01-01 00:00:00')),NULL,(CONVERT(datetime2(7), '2020-01-01 00:00:00')),(CONVERT(datetime2(7), '2020-01-01 00:00:00')));
INSERT INTO master_gacha_lot VALUES(10052,300209,10005,1,0,25000,(CONVERT(datetime2(7), '2020-01-01 00:00:00')),NULL,(CONVERT(datetime2(7), '2020-01-01 00:00:00')),(CONVERT(datetime2(7), '2020-01-01 00:00:00')));
INSERT INTO master_gacha_lot VALUES(10053,300209,10006,1,0,25000,(CONVERT(datetime2(7), '2020-01-01 00:00:00')),NULL,(CONVERT(datetime2(7), '2020-01-01 00:00:00')),(CONVERT(datetime2(7), '2020-01-01 00:00:00')));
INSERT INTO master_gacha_lot VALUES(10054,300209,10007,1,0,25000,(CONVERT(datetime2(7), '2020-01-01 00:00:00')),NULL,(CONVERT(datetime2(7), '2020-01-01 00:00:00')),(CONVERT(datetime2(7), '2020-01-01 00:00:00')));
INSERT INTO master_gacha_lot VALUES(10055,300209,10008,1,0,25000,(CONVERT(datetime2(7), '2020-01-01 00:00:00')),NULL,(CONVERT(datetime2(7), '2020-01-01 00:00:00')),(CONVERT(datetime2(7), '2020-01-01 00:00:00')));

INSERT INTO master_gacha_exec_10 VALUES(1000010,100001,1,100009,9,0,0,0,0,0,(CONVERT(datetime2(7), '2020-01-01 00:00:00')),NULL,(CONVERT(datetime2(7), '2020-01-01 00:00:00')),(CONVERT(datetime2(7), '2020-01-01 00:00:00')));
INSERT INTO master_gacha_exec_10 VALUES(3000010,300001,1,3000,9,0,0,3000,10,0,(CONVERT(datetime2(7), '2020-01-01 00:00:00')),NULL,(CONVERT(datetime2(7), '2020-01-01 00:00:00')),(CONVERT(datetime2(7), '2020-01-01 00:00:00')));
INSERT INTO master_gacha_exec_10 VALUES(3001010,300101,1,3001,9,0,0,3000,10,0,(CONVERT(datetime2(7), '2020-01-01 00:00:00')),NULL,(CONVERT(datetime2(7), '2020-01-01 00:00:00')),(CONVERT(datetime2(7), '2020-01-01 00:00:00')));
INSERT INTO master_gacha_exec_10 VALUES(3002010,300201,1,300209,9,0,0,93002,0,0,(CONVERT(datetime2(7), '2020-01-01 00:00:00')),NULL,(CONVERT(datetime2(7), '2020-01-01 00:00:00')),(CONVERT(datetime2(7), '2020-01-01 00:00:00')));

INSERT INTO master_gacha VALUES(10000,N'스타트 뽑기',1,1,1000,0,0,N'Gacha/start.png',N'Gacha/Detail/start.png',N'스타트 무료 뽑기!',0,0,1000010,(CONVERT(datetime2(7), '2120-01-01 00:00:00')),NULL,(CONVERT(datetime2(7), '2020-01-01 00:00:00')),(CONVERT(datetime2(7), '2020-01-01 00:00:00')));
INSERT INTO master_gacha VALUES(30000,N'카엘라 필업 뽑기',2,2,3000,300,300001,N'Gacha/mg30000.png',N'Gacha/Detail/mg30000.png',N'"카엘라"의 소환 확률 UP!',1,0,3000010,(CONVERT(datetime2(7), '2020-01-01 00:00:00')),NULL,(CONVERT(datetime2(7), '2020-01-01 00:00:00')),(CONVERT(datetime2(7), '2020-01-01 00:00:00')));
INSERT INTO master_gacha VALUES(30010,N'뮤니스 픽업 뽑기',3,2,3001,300,300001,N'Gacha/mg30010.png',N'Gacha/Detail/mg30010.png',N'"뮤니스"의 소환 확률 UP!',1,0,3001010,(CONVERT(datetime2(7), '2020-01-01 00:00:00')),NULL,(CONVERT(datetime2(7), '2020-01-01 00:00:00')),(CONVERT(datetime2(7), '2020-01-01 00:00:00')));
INSERT INTO master_gacha VALUES(30020,N'C 뽑기',4,3,3002,10002,0,N'Gacha/mg30020.png',N'Gacha/Detail/mg30020.png',N'"캐릭터C"의 소환 확률 UP!',0,0,3002010,(CONVERT(datetime2(7), '2120-01-01 00:00:00')),NULL,(CONVERT(datetime2(7), '2020-01-01 00:00:00')),(CONVERT(datetime2(7), '2020-01-01 00:00:00')));

-- INSERT INTO master_item VALUES(10000,1,N'A뽑기 티켓',1,30000,NULL,N'A뽑기용 티켓입니다.',N'item/10000.png',NULL,(CONVERT(datetime2(7), '2020-01-01 00:00:00')),NULL,(CONVERT(datetime2(7), '2020-01-01 00:00:00')),(CONVERT(datetime2(7), '2020-01-01 00:00:00')));
-- INSERT INTO master_item VALUES(10001,1,N'B뽑기 티켓',1,30010,NULL,N'B뽑기용 티켓입니다.',N'item/10001.png',NULL,(CONVERT(datetime2(7), '2020-01-01 00:00:00')),NULL,(CONVERT(datetime2(7), '2020-01-01 00:00:00')),(CONVERT(datetime2(7), '2020-01-01 00:00:00')));
INSERT INTO master_item VALUES(10002,1,N'C뽑기 티켓',1,1,30020,NULL,N'C뽑기용 티켓입니다.',N'item/10002.png',NULL,'2020-01-01 00:00:00',NULL,'2020-01-01 00:00:00','2020-01-01 00:00:00');
-- INSERT INTO master_item VALUES(10003,1,N'골드',2,1,5000,NULL,N'사용하면 5000골드를 얻습니다.',N'item/gold.png',NULL,(CONVERT(datetime2(7), '2020-01-01 00:00:00')),NULL,(CONVERT(datetime2(7), '2020-01-01 00:00:00')),(CONVERT(datetime2(7), '2020-01-01 00:00:00')));

INSERT INTO master_item VALUES(20000,1,N'하급 쿼츠',4,2,NULL,NULL,N'하급 강화 재료입니다.',N'Item/20000.png',NULL,'2020-01-01 00:00:00',NULL,'2020-01-01 00:00:00','2020-01-01 00:00:00');
INSERT INTO master_item VALUES(20001,1,N'중급 쿼츠',4,2,NULL,NULL,N'중급 강화 재료입니다.',N'Item/20001.png',NULL,'2020-01-01 00:00:00',NULL,'2020-01-01 00:00:00','2020-01-01 00:00:00');
INSERT INTO master_item VALUES(20002,1,N'상급 쿼츠',4,2,NULL,NULL,N'상급 강화 재료입니다.',N'Item/20002.png',NULL,'2020-01-01 00:00:00',NULL,'2020-01-01 00:00:00','2020-01-01 00:00:00');
INSERT INTO master_item VALUES(20003,1,N'개발자의 유언장',4,2,NULL,NULL,N'이 프로젝트의 서버개발자는 어쩌다가 클라이언트 작업도 하게되었습니다.',N'Item/20003.png',NULL,'2020-01-01 00:00:00',NULL,'2020-01-01 00:00:00','2020-01-01 00:00:00');

INSERT INTO master_item VALUES(300001,1,N'뽑기 포인트',2,1,NULL,NULL,N'포인트 교환소에서 사용할 수 있습니다.',N'icon/gacha_point.png',NULL,'2020-01-01 00:00:00',NULL,'2020-01-01 00:00:00','2020-01-01 00:00:00');
INSERT INTO master_item VALUES(10001001,1,N'카엘라의 기억 조각',3,3,300001,NULL,N'카엘라의 한계돌파 재료입니다.',N'Item/10001001.png',NULL,'2020-01-01 00:00:00',NULL,'2020-01-01 00:00:00','2020-01-01 00:00:00');
INSERT INTO master_item VALUES(10002001,1,N'슈린의 기억 조각',3,3,300001,NULL,N'슈린의 한계돌파 재료입니다.',N'Item/10002001.png',NULL,'2020-01-01 00:00:00',NULL,'2020-01-01 00:00:00','2020-01-01 00:00:00');
INSERT INTO master_item VALUES(10003001,1,N'리타의 기억 조각',3,3,300001,NULL,N'리타의 한계돌파 재료입니다.',N'Item/10003001.png',NULL,'2020-01-01 00:00:00',NULL,'2020-01-01 00:00:00','2020-01-01 00:00:00');
INSERT INTO master_item VALUES(10004001,1,N'뮤니스의 기억 조각',3,3,300001,NULL,N'뮤니스의 한계돌파 재료입니다.',N'Item/10004001.png',NULL,'2020-01-01 00:00:00',NULL,'2020-01-01 00:00:00','2020-01-01 00:00:00');
INSERT INTO master_item VALUES(10005001,1,N'뮤니티의 기억 조각',3,3,300001,NULL,N'뮤니티의 한계돌파 재료입니다.',N'Item/10005001.png',NULL,'2020-01-01 00:00:00',NULL,'2020-01-01 00:00:00','2020-01-01 00:00:00');
INSERT INTO master_item VALUES(10006001,1,N'비비의 기억 조각',3,3,300001,NULL,N'비비의 한계돌파 재료입니다.',N'Item/10006001.png',NULL,'2020-01-01 00:00:00',NULL,'2020-01-01 00:00:00','2020-01-01 00:00:00');
INSERT INTO master_item VALUES(10007001,1,N'델핀의 기억 조각',3,3,300001,NULL,N'델핀의 한계돌파 재료입니다.',N'Item/10007001.png',NULL,'2020-01-01 00:00:00',NULL,'2020-01-01 00:00:00','2020-01-01 00:00:00');
INSERT INTO master_item VALUES(10008001,1,N'헬리아의 기억 조각',3,3,300001,NULL,N'헬리아의 한계돌파 재료입니다.',N'Item/10008001.png',NULL,'2020-01-01 00:00:00',NULL,'2020-01-01 00:00:00','2020-01-01 00:00:00');
-- INSERT INTO master_item VALUES(10009001,1,N'캐릭터9 조각',3,3,300001,NULL,N'캐릭터9로 교환할 수 있습니다.',N'Item/10001009.png',NULL,'2020-01-01 00:00:00',NULL,'2020-01-01 00:00:00','2020-01-01 00:00:00');
-- INSERT INTO master_item VALUES(10010001,1,N'캐릭터10 조각',3,3,300001,NULL,N'캐릭터10로 교환할 수 있습니다.',N'Item/10001010.png',NULL,'2020-01-01 00:00:00',NULL,'2020-01-01 00:00:00','2020-01-01 00:00:00');

INSERT INTO master_item VALUES(5000101,1,N'초급 강화 패키지',3,3,10010,NULL,N'초급 강화 패키지 입니다.',N'Item/5000101.png',NULL,'2020-01-01 00:00:00',NULL,'2020-01-01 00:00:00','2020-01-01 00:00:00');
INSERT INTO master_item VALUES(5000201,1,N'중급 강화 패키지',3,3,10010,NULL,N'중급 강화 패키지 입니다.',N'Item/5000201.png',NULL,'2020-01-01 00:00:00',NULL,'2020-01-01 00:00:00','2020-01-01 00:00:00');
INSERT INTO master_item VALUES(5000301,1,N'고급 강화 패키지',3,3,10010,NULL,N'고급 강화 패키지 입니다.',N'Item/5000301.png',NULL,'2020-01-01 00:00:00',NULL,'2020-01-01 00:00:00','2020-01-01 00:00:00');

INSERT INTO master_reward VALUES(1,1,20000,10,NULL,'2020-01-01 00:00:00',NULL,'2020-01-01 00:00:00','2020-01-01 00:00:00');
INSERT INTO master_reward VALUES(2,1,20001,10,NULL,'2020-01-01 00:00:00',NULL,'2020-01-01 00:00:00','2020-01-01 00:00:00');
INSERT INTO master_reward VALUES(3,1,20002,10,NULL,'2020-01-01 00:00:00',NULL,'2020-01-01 00:00:00','2020-01-01 00:00:00');

INSERT INTO master_reward VALUES(4,2,10001,1,NULL,'2020-01-01 00:00:00',NULL,'2020-01-01 00:00:00','2020-01-01 00:00:00');

INSERT INTO master_reward VALUES(5,3,0,50,NULL,'2020-01-01 00:00:00',NULL,'2020-01-01 00:00:00','2020-01-01 00:00:00');
INSERT INTO master_reward VALUES(6,4,0,60,NULL,'2020-01-01 00:00:00',NULL,'2020-01-01 00:00:00','2020-01-01 00:00:00');
INSERT INTO master_reward VALUES(7,5,0,70,NULL,'2020-01-01 00:00:00',NULL,'2020-01-01 00:00:00','2020-01-01 00:00:00');

INSERT INTO master_reward VALUES(100,1,20003,10,NULL,'2020-01-01 00:00:00',NULL,'2020-01-01 00:00:00','2020-01-01 00:00:00');

INSERT INTO master_reward VALUES(1000,3,0,100,NULL,'2020-01-01 00:00:00',NULL,'2020-01-01 00:00:00','2020-01-01 00:00:00');
INSERT INTO master_reward VALUES(1001,3,0,500,NULL,'2020-01-01 00:00:00',NULL,'2020-01-01 00:00:00','2020-01-01 00:00:00');
INSERT INTO master_reward VALUES(1002,3,0,1000,NULL,'2020-01-01 00:00:00',NULL,'2020-01-01 00:00:00','2020-01-01 00:00:00');
INSERT INTO master_reward VALUES(1003,3,0,5000,NULL,'2020-01-01 00:00:00',NULL,'2020-01-01 00:00:00','2020-01-01 00:00:00');
INSERT INTO master_reward VALUES(1004,3,0,10000,NULL,'2020-01-01 00:00:00',NULL,'2020-01-01 00:00:00','2020-01-01 00:00:00');

INSERT INTO master_reward VALUES(3000,5,0,100,NULL,'2020-01-01 00:00:00',NULL,'2020-01-01 00:00:00','2020-01-01 00:00:00');
INSERT INTO master_reward VALUES(3001,5,0,500,NULL,'2020-01-01 00:00:00',NULL,'2020-01-01 00:00:00','2020-01-01 00:00:00');
INSERT INTO master_reward VALUES(3002,5,0,1000,NULL,'2020-01-01 00:00:00',NULL,'2020-01-01 00:00:00','2020-01-01 00:00:00');
INSERT INTO master_reward VALUES(3003,5,0,5000,NULL,'2020-01-01 00:00:00',NULL,'2020-01-01 00:00:00','2020-01-01 00:00:00');
INSERT INTO master_reward VALUES(3004,5,0,10000,NULL,'2020-01-01 00:00:00',NULL,'2020-01-01 00:00:00','2020-01-01 00:00:00');

INSERT INTO master_reward VALUES(5000,1,20000,10,NULL,'2020-01-01 00:00:00',NULL,'2020-01-01 00:00:00','2020-01-01 00:00:00');
INSERT INTO master_reward VALUES(5001,1,20000,50,NULL,'2020-01-01 00:00:00',NULL,'2020-01-01 00:00:00','2020-01-01 00:00:00');
INSERT INTO master_reward VALUES(5002,1,20000,100,NULL,'2020-01-01 00:00:00',NULL,'2020-01-01 00:00:00','2020-01-01 00:00:00');
INSERT INTO master_reward VALUES(5010,1,20001,10,NULL,'2020-01-01 00:00:00',NULL,'2020-01-01 00:00:00','2020-01-01 00:00:00');
INSERT INTO master_reward VALUES(5011,1,20001,50,NULL,'2020-01-01 00:00:00',NULL,'2020-01-01 00:00:00','2020-01-01 00:00:00');
INSERT INTO master_reward VALUES(5012,1,20001,100,NULL,'2020-01-01 00:00:00',NULL,'2020-01-01 00:00:00','2020-01-01 00:00:00');
INSERT INTO master_reward VALUES(5020,1,20002,10,NULL,'2020-01-01 00:00:00',NULL,'2020-01-01 00:00:00','2020-01-01 00:00:00');
INSERT INTO master_reward VALUES(5021,1,20002,50,NULL,'2020-01-01 00:00:00',NULL,'2020-01-01 00:00:00','2020-01-01 00:00:00');
INSERT INTO master_reward VALUES(5022,1,20002,100,NULL,'2020-01-01 00:00:00',NULL,'2020-01-01 00:00:00','2020-01-01 00:00:00');

INSERT INTO master_reward VALUES(7001,2,10001,1,NULL,'2020-01-01 00:00:00',NULL,'2020-01-01 00:00:00','2020-01-01 00:00:00');
INSERT INTO master_reward VALUES(7002,2,10002,1,NULL,'2020-01-01 00:00:00',NULL,'2020-01-01 00:00:00','2020-01-01 00:00:00');
INSERT INTO master_reward VALUES(7003,2,10003,1,NULL,'2020-01-01 00:00:00',NULL,'2020-01-01 00:00:00','2020-01-01 00:00:00');
INSERT INTO master_reward VALUES(7004,2,10004,1,NULL,'2020-01-01 00:00:00',NULL,'2020-01-01 00:00:00','2020-01-01 00:00:00');
INSERT INTO master_reward VALUES(7005,2,10005,1,NULL,'2020-01-01 00:00:00',NULL,'2020-01-01 00:00:00','2020-01-01 00:00:00');
INSERT INTO master_reward VALUES(7006,2,10006,1,NULL,'2020-01-01 00:00:00',NULL,'2020-01-01 00:00:00','2020-01-01 00:00:00');
INSERT INTO master_reward VALUES(7007,2,10007,1,NULL,'2020-01-01 00:00:00',NULL,'2020-01-01 00:00:00','2020-01-01 00:00:00');
INSERT INTO master_reward VALUES(7008,2,10008,1,NULL,'2020-01-01 00:00:00',NULL,'2020-01-01 00:00:00','2020-01-01 00:00:00');
INSERT INTO master_reward VALUES(7009,2,10009,1,NULL,'2020-01-01 00:00:00',NULL,'2020-01-01 00:00:00','2020-01-01 00:00:00');
INSERT INTO master_reward VALUES(7010,2,10010,1,NULL,'2020-01-01 00:00:00',NULL,'2020-01-01 00:00:00','2020-01-01 00:00:00');

INSERT INTO master_reward VALUES(50001,1,5000101,10,NULL,'2020-01-01 00:00:00',NULL,'2020-01-01 00:00:00','2020-01-01 00:00:00');
INSERT INTO master_reward VALUES(50002,1,5000201,50,NULL,'2020-01-01 00:00:00',NULL,'2020-01-01 00:00:00','2020-01-01 00:00:00');
INSERT INTO master_reward VALUES(50003,1,5000301,100,NULL,'2020-01-01 00:00:00',NULL,'2020-01-01 00:00:00','2020-01-01 00:00:00');

INSERT INTO master_daily_login_bonus VALUES (1,N'로그인 보너스','loginbonus/1.png',(CONVERT(datetime2(7), '2020-01-01 00:00:00')),NULL,(CONVERT(datetime2(7), '2020-01-01 00:00:00')),(CONVERT(datetime2(7), '2020-01-01 00:00:00')));
INSERT INTO master_daily_login_bonus VALUES (2,N'오픈 기념 로그인 보너스','loginbonus/2.png',(CONVERT(datetime2(7), '2020-01-01 00:00:00')),NULL,(CONVERT(datetime2(7), '2020-01-01 00:00:00')),(CONVERT(datetime2(7), '2020-01-01 00:00:00')));

INSERT INTO master_daily_login_bonus_day VALUES (1,1,1,1,(CONVERT(datetime2(7), '2020-01-01 00:00:00')),NULL,(CONVERT(datetime2(7), '2020-01-01 00:00:00')),(CONVERT(datetime2(7), '2020-01-01 00:00:00')));
INSERT INTO master_daily_login_bonus_day VALUES (2,1,2,2,(CONVERT(datetime2(7), '2020-01-01 00:00:00')),NULL,(CONVERT(datetime2(7), '2020-01-01 00:00:00')),(CONVERT(datetime2(7), '2020-01-01 00:00:00')));
INSERT INTO master_daily_login_bonus_day VALUES (3,1,3,3,(CONVERT(datetime2(7), '2020-01-01 00:00:00')),NULL,(CONVERT(datetime2(7), '2020-01-01 00:00:00')),(CONVERT(datetime2(7), '2020-01-01 00:00:00')));
INSERT INTO master_daily_login_bonus_day VALUES (4,1,4,4,(CONVERT(datetime2(7), '2020-01-01 00:00:00')),NULL,(CONVERT(datetime2(7), '2020-01-01 00:00:00')),(CONVERT(datetime2(7), '2020-01-01 00:00:00')));
INSERT INTO master_daily_login_bonus_day VALUES (5,1,5,1,(CONVERT(datetime2(7), '2020-01-01 00:00:00')),NULL,(CONVERT(datetime2(7), '2020-01-01 00:00:00')),(CONVERT(datetime2(7), '2020-01-01 00:00:00')));
INSERT INTO master_daily_login_bonus_day VALUES (6,1,6,2,(CONVERT(datetime2(7), '2020-01-01 00:00:00')),NULL,(CONVERT(datetime2(7), '2020-01-01 00:00:00')),(CONVERT(datetime2(7), '2020-01-01 00:00:00')));
INSERT INTO master_daily_login_bonus_day VALUES (7,1,7,3,(CONVERT(datetime2(7), '2020-01-01 00:00:00')),NULL,(CONVERT(datetime2(7), '2020-01-01 00:00:00')),(CONVERT(datetime2(7), '2020-01-01 00:00:00')));
INSERT INTO master_daily_login_bonus_day VALUES (8,1,8,4,(CONVERT(datetime2(7), '2020-01-01 00:00:00')),NULL,(CONVERT(datetime2(7), '2020-01-01 00:00:00')),(CONVERT(datetime2(7), '2020-01-01 00:00:00')));
INSERT INTO master_daily_login_bonus_day VALUES (9,1,9,1,(CONVERT(datetime2(7), '2020-01-01 00:00:00')),NULL,(CONVERT(datetime2(7), '2020-01-01 00:00:00')),(CONVERT(datetime2(7), '2020-01-01 00:00:00')));
INSERT INTO master_daily_login_bonus_day VALUES (10,1,10,4,(CONVERT(datetime2(7), '2020-01-01 00:00:00')),NULL,(CONVERT(datetime2(7), '2020-01-01 00:00:00')),(CONVERT(datetime2(7), '2020-01-01 00:00:00')));
-- INSERT INTO master_daily_login_bonus_day VALUES (10,1,10,100,(CONVERT(datetime2(7), '2020-01-01 00:00:00')),NULL,(CONVERT(datetime2(7), '2020-01-01 00:00:00')),(CONVERT(datetime2(7), '2020-01-01 00:00:00')));
INSERT INTO master_daily_login_bonus_day VALUES (11,2,1,4,(CONVERT(datetime2(7), '2020-01-01 00:00:00')),NULL,(CONVERT(datetime2(7), '2020-01-01 00:00:00')),(CONVERT(datetime2(7), '2020-01-01 00:00:00')));
INSERT INTO master_daily_login_bonus_day VALUES (12,2,2,4,(CONVERT(datetime2(7), '2020-01-01 00:00:00')),NULL,(CONVERT(datetime2(7), '2020-01-01 00:00:00')),(CONVERT(datetime2(7), '2020-01-01 00:00:00')));
INSERT INTO master_daily_login_bonus_day VALUES (13,2,3,4,(CONVERT(datetime2(7), '2020-01-01 00:00:00')),NULL,(CONVERT(datetime2(7), '2020-01-01 00:00:00')),(CONVERT(datetime2(7), '2020-01-01 00:00:00')));
INSERT INTO master_daily_login_bonus_day VALUES (14,2,4,4,(CONVERT(datetime2(7), '2020-01-01 00:00:00')),NULL,(CONVERT(datetime2(7), '2020-01-01 00:00:00')),(CONVERT(datetime2(7), '2020-01-01 00:00:00')));
INSERT INTO master_daily_login_bonus_day VALUES (15,2,5,4,(CONVERT(datetime2(7), '2020-01-01 00:00:00')),NULL,(CONVERT(datetime2(7), '2020-01-01 00:00:00')),(CONVERT(datetime2(7), '2020-01-01 00:00:00')));
INSERT INTO master_daily_login_bonus_day VALUES (16,2,6,4,(CONVERT(datetime2(7), '2020-01-01 00:00:00')),NULL,(CONVERT(datetime2(7), '2020-01-01 00:00:00')),(CONVERT(datetime2(7), '2020-01-01 00:00:00')));
INSERT INTO master_daily_login_bonus_day VALUES (17,2,7,4,(CONVERT(datetime2(7), '2020-01-01 00:00:00')),NULL,(CONVERT(datetime2(7), '2020-01-01 00:00:00')),(CONVERT(datetime2(7), '2020-01-01 00:00:00')));
INSERT INTO master_daily_login_bonus_day VALUES (18,2,8,4,(CONVERT(datetime2(7), '2020-01-01 00:00:00')),NULL,(CONVERT(datetime2(7), '2020-01-01 00:00:00')),(CONVERT(datetime2(7), '2020-01-01 00:00:00')));
INSERT INTO master_daily_login_bonus_day VALUES (19,2,9,4,(CONVERT(datetime2(7), '2020-01-01 00:00:00')),NULL,(CONVERT(datetime2(7), '2020-01-01 00:00:00')),(CONVERT(datetime2(7), '2020-01-01 00:00:00')));
INSERT INTO master_daily_login_bonus_day VALUES (20,2,10,4,(CONVERT(datetime2(7), '2020-01-01 00:00:00')),NULL,(CONVERT(datetime2(7), '2020-01-01 00:00:00')),(CONVERT(datetime2(7), '2020-01-01 00:00:00')));
-- INSERT INTO master_daily_login_bonus_day VALUES (20,2,10,100,(CONVERT(datetime2(7), '2020-01-01 00:00:00')),NULL,(CONVERT(datetime2(7), '2020-01-01 00:00:00')),(CONVERT(datetime2(7), '2020-01-01 00:00:00')));

INSERT INTO master_banner VALUES(100,1,1,N'banner/100.png',1,1,1,1,2,'2020-01-01 00:00:00',NULL,'2025-12-02 14:11:52','2025-12-02 14:11:52');
INSERT INTO master_banner VALUES(101,2,1,N'banner/101.png',2,1,1,1,2,'2020-01-01 00:00:00',NULL,'2025-12-02 14:11:52','2025-12-02 14:11:52');
INSERT INTO master_banner VALUES(102,1,1,N'banner/102.png',1,1,1,1,2,'2020-01-01 00:00:00',NULL,'2025-12-02 14:11:52','2025-12-02 14:11:52');

INSERT INTO master_achievement_category VALUES (1, 1, N'데일리', 0, '2020-01-01 00:00:00',NULL,'2020-01-01 00:00:00','2020-01-01 00:00:00');
INSERT INTO master_achievement_category VALUES (2, 2, N'위클리', 0, '2020-01-01 00:00:00',NULL,'2020-01-01 00:00:00','2020-01-01 00:00:00');
INSERT INTO master_achievement_category VALUES (3, 3, N'스페셜', 0, '2020-01-01 00:00:00',NULL,'2020-01-01 00:00:00','2020-01-01 00:00:00');

INSERT INTO master_achievement VALUES (100, 1, 1, N'로그인 하기', 2, 1, 0, 0, N'일일 로그인', 5, 0, 0, '2020-01-01 00:00:00',NULL,'2020-01-01 00:00:00','2020-01-01 00:00:00');
INSERT INTO master_achievement VALUES (200, 1, 2, N'주별 로그인 하기', 2, 7, 0, 0, N'주별 로그인', 5, 0, 0, '2020-01-01 00:00:00',NULL,'2020-01-01 00:00:00','2020-01-01 00:00:00');
INSERT INTO master_achievement VALUES (300, 1, 3, N'첫 로그인 하기', 2, 1, 0, 0, N'첫 로그인', 5, 0, 0, '2020-01-01 00:00:00',NULL,'2020-01-01 00:00:00','2020-01-01 00:00:00');
INSERT INTO master_achievement VALUES (301, 1, 3, N'누적 10회 로그인', 2, 10, 0, 0, N'10회 로그인', 5, 0, 0, '2020-01-01 00:00:00',NULL,'2020-01-01 00:00:00','2020-01-01 00:00:00');
INSERT INTO master_achievement VALUES (302, 1, 3, N'누적 30회 로그인', 2, 30, 0, 0, N'30회 로그인', 5, 0, 0, '2020-01-01 00:00:00',NULL,'2020-01-01 00:00:00','2020-01-01 00:00:00');
INSERT INTO master_achievement VALUES (303, 1, 3, N'누적 50회 로그인', 2, 50, 0, 0, N'50회 로그인', 5, 0, 0, '2020-01-01 00:00:00',NULL,'2020-01-01 00:00:00','2020-01-01 00:00:00');
INSERT INTO master_achievement VALUES (304, 1, 3, N'누적 100회 로그인', 2, 100, 0, 0, N'100회 로그인', 5, 0, 0, '2020-01-01 00:00:00',NULL,'2020-01-01 00:00:00','2020-01-01 00:00:00');
INSERT INTO master_achievement VALUES (310, 1, 3, N'첫 뽑기 하기', 4, 1, 0, 0, N'첫 뽑기', 5, 0, 0, '2020-01-01 00:00:00',NULL,'2020-01-01 00:00:00','2020-01-01 00:00:00');
INSERT INTO master_achievement VALUES (311, 1, 3, N'누적 30회 뽑기', 4, 30, 0, 0, N'뽑기 30회', 5, 0, 0, '2020-01-01 00:00:00',NULL,'2020-01-01 00:00:00','2020-01-01 00:00:00');
INSERT INTO master_achievement VALUES (312, 1, 3, N'누적 60회 뽑기', 4, 60, 0, 0, N'뽑기 60회', 5, 0, 0, '2020-01-01 00:00:00',NULL,'2020-01-01 00:00:00','2020-01-01 00:00:00');
INSERT INTO master_achievement VALUES (313, 1, 3, N'누적 90회 뽑기', 4, 90, 0, 0, N'뽑기 90회', 5, 0, 0, '2020-01-01 00:00:00',NULL,'2020-01-01 00:00:00','2020-01-01 00:00:00');
INSERT INTO master_achievement VALUES (314, 1, 3, N'누적 120회 뽑기', 4, 120, 0, 0, N'뽑기 120회', 5, 0, 0, '2020-01-01 00:00:00',NULL,'2020-01-01 00:00:00','2020-01-01 00:00:00');


INSERT INTO master_notice VALUES (N'공지1', N'<p>안녕하세요, <strong>GM엠펜</strong>입니다.</p>
<p>이번 주 점검 내용은 다음과 같습니다.</p>
<ul>
    <li>신규 캐릭터 <span style="color: #ff0000;">아서</span> 추가</li>
    <li>서버 안정화</li>
</ul>
<p><img src="http://mygame.com/images/update_v2.jpg" style="width:100%;"></p>', '/banner/image.png', '/Notice/1', 1, 1, '2020-01-01 00:00:00', NULL, '2020-01-01 00:00:00', '2020-01-01 00:00:00');
INSERT INTO master_notice VALUES (N'공지2', N'<p>안녕하세요, <strong>GM엠펜</strong>입니다.</p>
<p>이번 주 점검 내용은 다음과 같습니다.</p>
<ul>
    <li>신규 캐릭터 <span style="color: #ff0000;">아서</span> 추가</li>
    <li>서버 안정화</li>
</ul>
<p><img src="http://mygame.com/images/update_v2.jpg" style="width:100%;"></p>', '/banner/image.png', '/Notice/2', 1, 2, '2020-01-01 00:00:00', NULL, '2020-01-01 00:00:00', '2020-01-01 00:00:00');

-- INSERT INTO master_exchange_product_set VALUES (1000, '2020-01-01 00:00:00', NULL, N'가챠 포인트 교환소', 1, N'exchange/1000.png', '2020-01-01 00:00:00', NULL, '2020-01-01 00:00:00', '2020-01-01 00:00:00');
-- INSERT INTO master_exchange_product_set VALUES (1001, '2020-01-01 00:00:00', NULL, N'기타 교환소', 1, N'exchange/1001.png', '2020-01-01 00:00:00', NULL, '2020-01-01 00:00:00', '2020-01-01 00:00:00');

-- INSERT INTO master_exchange_product VALUES (1000, 10, 100, 300001, 0, N'character/.png', '2020-01-01 00:00:00',NULL,'2020-01-01 00:00:00','2020-01-01 00:00:00');

INSERT INTO master_product VALUES ('100',N'프리즘 100개',100,1100,1,N'프리즘 100개 입니다.','2020-01-01 00:00:00',NULL,'2020-01-01 00:00:00','2020-01-01 00:00:00');
INSERT INTO master_product VALUES ('101',N'프리즘 500개',500,5500,1,N'프리즘 500개 입니다.','2020-01-01 00:00:00',NULL,'2020-01-01 00:00:00','2020-01-01 00:00:00');
INSERT INTO master_product VALUES ('102',N'프리즘 1000개',1000,11000,1,N'프리즘 1000개 입니다.','2020-01-01 00:00:00',NULL,'2020-01-01 00:00:00','2020-01-01 00:00:00');
INSERT INTO master_product VALUES ('103',N'프리즘 5000개',5000,55000,1,N'프리즘 5000개 입니다.','2020-01-01 00:00:00',NULL,'2020-01-01 00:00:00','2020-01-01 00:00:00');
INSERT INTO master_product VALUES ('104',N'프리즘 10000개',10000,110000,1,N'프리즘 10000개 입니다.','2020-01-01 00:00:00',NULL,'2020-01-01 00:00:00','2020-01-01 00:00:00');

INSERT INTO master_product_set VALUES ('1000','100',1,0,N'banner/product/1000.png',1000,NULL,NULL,'2020-01-01 00:00:00',NULL,'2020-01-01 00:00:00','2020-01-01 00:00:00');
INSERT INTO master_product_set VALUES ('1001','101',2,0,N'banner/product/1001.png',1001,NULL,NULL,'2020-01-01 00:00:00',NULL,'2020-01-01 00:00:00','2020-01-01 00:00:00');
INSERT INTO master_product_set VALUES ('1002','102',3,0,N'banner/product/1002.png',1002,NULL,NULL,'2020-01-01 00:00:00',NULL,'2020-01-01 00:00:00','2020-01-01 00:00:00');
INSERT INTO master_product_set VALUES ('1003','103',4,0,N'banner/product/1003.png',1003,NULL,NULL,'2020-01-01 00:00:00',NULL,'2020-01-01 00:00:00','2020-01-01 00:00:00');
INSERT INTO master_product_set VALUES ('1004','104',5,0,N'banner/product/1004.png',1004,NULL,NULL,'2020-01-01 00:00:00',NULL,'2020-01-01 00:00:00','2020-01-01 00:00:00');

INSERT INTO master_product_set_prism VALUES ('3000',1,0,50,N'필름 100개',N'필름 100개 입니다.',N'banner/product/3000.png',3000,NULL,NULL,'2020-01-01 00:00:00',NULL,'2020-01-01 00:00:00','2020-01-01 00:00:00');
INSERT INTO master_product_set_prism VALUES ('3001',2,0,250,N'필름 500개',N'필름 500개 입니다.',N'banner/product/3001.png',3001,NULL,NULL,'2020-01-01 00:00:00',NULL,'2020-01-01 00:00:00','2020-01-01 00:00:00');
INSERT INTO master_product_set_prism VALUES ('3002',3,0,500,N'필름 1000개',N'필름 1000개 입니다.',N'banner/product/3002.png',3002,NULL,NULL,'2020-01-01 00:00:00',NULL,'2020-01-01 00:00:00','2020-01-01 00:00:00');
INSERT INTO master_product_set_prism VALUES ('3003',4,0,2500,N'필름 5000개',N'필름 5000개 입니다.',N'banner/product/3003.png',3003,NULL,NULL,'2020-01-01 00:00:00',NULL,'2020-01-01 00:00:00','2020-01-01 00:00:00');
INSERT INTO master_product_set_prism VALUES ('3004',5,0,5000,N'필름 10000개',N'필름 10000개 입니다.',N'banner/product/3004.png',3004,NULL,NULL,'2020-01-01 00:00:00',NULL,'2020-01-01 00:00:00','2020-01-01 00:00:00');

INSERT INTO master_product_set_token VALUES ('5000',NULL,1,3,1000,N'초급 강화 패키지',N'초급 패키지 입니다.',N'banner/product/5000.png','5000','5010','5020','1','50001','2020-01-01 00:00:00',NULL,'2020-01-01 00:00:00','2020-01-01 00:00:00');
INSERT INTO master_product_set_token VALUES ('5001',NULL,2,3,5000,N'중급 강화 패키지',N'중급 패키지 입니다.',N'banner/product/5001.png','5001','5011','5021','1','50002','2020-01-01 00:00:00',NULL,'2020-01-01 00:00:00','2020-01-01 00:00:00');
INSERT INTO master_product_set_token VALUES ('5002',NULL,3,3,10000,N'고급 강화 패키지',N'고급 패키지 입니다.',N'banner/product/5002.png','5002','5012','5022','1','50003','2020-01-01 00:00:00',NULL,'2020-01-01 00:00:00','2020-01-01 00:00:00');

INSERT INTO master_product_set_piece VALUES ('7001',1,0,'300001',200,N'카엘라',N'뽑기 포인트를 사용하여 카엘라로 교환합니다.',N'banner/product/7001.png','7001',NULL,NULL,'2020-01-01 00:00:00',NULL,'2020-01-01 00:00:00','2020-01-01 00:00:00');
INSERT INTO master_product_set_piece VALUES ('7002',1,0,'300001',200,N'슈린',N'뽑기 포인트를 사용하여 슈린으로 교환합니다.',N'banner/product/7002.png','7002',NULL,NULL,'2020-01-01 00:00:00',NULL,'2020-01-01 00:00:00','2020-01-01 00:00:00');
INSERT INTO master_product_set_piece VALUES ('7003',1,0,'300001',200,N'리타',N'뽑기 포인트를 사용하여 리타로 교환합니다.',N'banner/product/7003.png','7003',NULL,NULL,'2020-01-01 00:00:00',NULL,'2020-01-01 00:00:00','2020-01-01 00:00:00');
INSERT INTO master_product_set_piece VALUES ('7004',1,0,'300001',200,N'뮤니스',N'뽑기 포인트를 사용하여 뮤니스로 교환합니다.',N'banner/product/7004.png','7004',NULL,NULL,'2020-01-01 00:00:00',NULL,'2020-01-01 00:00:00','2020-01-01 00:00:00');
INSERT INTO master_product_set_piece VALUES ('7005',1,0,'300001',200,N'뮤니티',N'뽑기 포인트를 사용하여 뮤니티로 교환합니다.',N'banner/product/7005.png','7005',NULL,NULL,'2020-01-01 00:00:00',NULL,'2020-01-01 00:00:00','2020-01-01 00:00:00');
INSERT INTO master_product_set_piece VALUES ('7006',1,0,'300001',200,N'비비',N'뽑기 포인트를 사용하여 비비로 교환합니다.',N'banner/product/7006.png','7006',NULL,NULL,'2020-01-01 00:00:00',NULL,'2020-01-01 00:00:00','2020-01-01 00:00:00');
INSERT INTO master_product_set_piece VALUES ('7007',1,0,'300001',200,N'델핀',N'뽑기 포인트를 사용하여 델핀으로 교환합니다.',N'banner/product/7007.png','7007',NULL,NULL,'2020-01-01 00:00:00',NULL,'2020-01-01 00:00:00','2020-01-01 00:00:00');
INSERT INTO master_product_set_piece VALUES ('7008',1,0,'300001',200,N'헬리아',N'뽑기 포인트를 사용하여 헬리아로 교환합니다.',N'banner/product/7008.png','7008',NULL,NULL,'2020-01-01 00:00:00',NULL,'2020-01-01 00:00:00','2020-01-01 00:00:00');
-- INSERT INTO master_product_set_piece VALUES ('7009',1,0,'10009001',200,N'캐릭터9',N'캐릭터9로 교환합니다.',N'banner/product/7009.png','7009',NULL,NULL,'2020-01-01 00:00:00',NULL,'2020-01-01 00:00:00','2020-01-01 00:00:00');
-- INSERT INTO master_product_set_piece VALUES ('7010',1,0,'10010001',200,N'캐릭터10',N'캐릭터10로 교환합니다.',N'banner/product/7010.png','7010',NULL,NULL,'2020-01-01 00:00:00',NULL,'2020-01-01 00:00:00','2020-01-01 00:00:00');

INSERT INTO master_mail VALUES ('101',1,N'템플릿 제목1',N'템플릿 내용1',1,'2020-01-01 00:00:00',NULL,'2020-01-01 00:00:00','2020-01-01 00:00:00');
INSERT INTO master_mail VALUES ('102',1,N'템플릿 제목2',N'템플릿 내용2',1,'2020-01-01 00:00:00',NULL,'2020-01-01 00:00:00','2020-01-01 00:00:00');
INSERT INTO master_mail VALUES ('103',1,N'템플릿 제목3',N'템플릿 내용3',1,'2020-01-01 00:00:00',NULL,'2020-01-01 00:00:00','2020-01-01 00:00:00');
INSERT INTO master_mail VALUES ('104',1,N'템플릿 제목4',N'템플릿 내용4',1,'2020-01-01 00:00:00',NULL,'2020-01-01 00:00:00','2020-01-01 00:00:00');

-- use person;

-- INSERT INTO person_mail VALUES (1, N'보상 제목1', N'보상 설명1', 3, 1, NULL, 0, NULL, 0, 0, NULL, '2020-01-01 00:00:00','2020-01-01 00:00:00',DEFAULT);
-- INSERT INTO person_mail VALUES (1, N'보상 제목2', N'보상 설명2', 3, 1, NULL, 0, NULL, 0, 0, NULL, '2020-01-01 00:00:00','2020-01-01 00:00:00',DEFAULT);
-- INSERT INTO person_mail VALUES (1, N'보상 제목3', N'보상 설명3', 4, 1, NULL, 0, NULL, 0, 0, NULL, '2020-01-01 00:00:00','2020-01-01 00:00:00',DEFAULT);
-- INSERT INTO person_mail VALUES (1, N'보상 제목4', N'보상 설명4', 4, 1, NULL, 0, NULL, 0, 0, NULL, '2020-01-01 00:00:00','2020-01-01 00:00:00',DEFAULT);
-- INSERT INTO person_mail VALUES (1, N'프리즘 보상', N'보상 설명5', 5, 1, NULL, 0, NULL, 0, 0, NULL, '2020-01-01 00:00:00','2020-01-01 00:00:00',DEFAULT);
-- INSERT INTO person_mail VALUES (1, N'토큰 보상', N'보상 설명6', 6, 1, NULL, 0, NULL, 0, 0, NULL, '2020-01-01 00:00:00','2020-01-01 00:00:00',DEFAULT);
-- INSERT INTO person_mail VALUES (1, N'가챠리소스 보상', N'보상 설명7', 7, 1, NULL, 0, NULL, 0, 0, NULL, '2020-01-01 00:00:00','2020-01-01 00:00:00',DEFAULT);
